{
  "Login/index.html-166" : {
    "transaction" : "Login/index.html-166",
    "sampleCount" : 179,
    "errorCount" : 0,
    "errorPct" : 0.0,
    "meanResTime" : 2.441340782122904,
    "medianResTime" : 2.0,
    "minResTime" : 1.0,
    "maxResTime" : 4.0,
    "pct1ResTime" : 3.0,
    "pct2ResTime" : 4.0,
    "pct3ResTime" : 4.0,
    "throughput" : 3.2828375453911893,
    "receivedKBytesPerSec" : 15.615919612891096,
    "sentKBytesPerSec" : 1.6606541489381212
  },
  "Login/-109" : {
    "transaction" : "Login/-109",
    "sampleCount" : 201,
    "errorCount" : 0,
    "errorPct" : 0.0,
    "meanResTime" : 3.8905472636815905,
    "medianResTime" : 3.0,
    "minResTime" : 1.0,
    "maxResTime" : 75.0,
    "pct1ResTime" : 5.0,
    "pct2ResTime" : 5.0,
    "pct3ResTime" : 11.0,
    "throughput" : 3.431146617503969,
    "receivedKBytesPerSec" : 16.452079972602036,
    "sentKBytesPerSec" : 1.5011266451579863
  },
  "Login/logout-165" : {
    "transaction" : "Login/logout-165",
    "sampleCount" : 179,
    "errorCount" : 0,
    "errorPct" : 0.0,
    "meanResTime" : 2.011173184357541,
    "medianResTime" : 2.0,
    "minResTime" : 1.0,
    "maxResTime" : 4.0,
    "pct1ResTime" : 3.0,
    "pct2ResTime" : 3.0,
    "pct3ResTime" : 4.0,
    "throughput" : 3.2828375453911893,
    "receivedKBytesPerSec" : 0.538590534790742,
    "sentKBytesPerSec" : 2.1386550395682793
  },
  "Registration-/register.html" : {
    "transaction" : "Registration-/register.html",
    "sampleCount" : 42,
    "errorCount" : 0,
    "errorPct" : 0.0,
    "meanResTime" : 4.404761904761904,
    "medianResTime" : 5.0,
    "minResTime" : 1.0,
    "maxResTime" : 6.0,
    "pct1ResTime" : 6.0,
    "pct2ResTime" : 6.0,
    "pct3ResTime" : 6.0,
    "throughput" : 0.8847879668836504,
    "receivedKBytesPerSec" : 4.220887908424445,
    "sentKBytesPerSec" : 0.43288942520381724
  },
  "Login/dashboard.html-148" : {
    "transaction" : "Login/dashboard.html-148",
    "sampleCount" : 192,
    "errorCount" : 0,
    "errorPct" : 0.0,
    "meanResTime" : 3.1666666666666647,
    "medianResTime" : 3.0,
    "minResTime" : 1.0,
    "maxResTime" : 10.0,
    "pct1ResTime" : 4.0,
    "pct2ResTime" : 4.349999999999994,
    "pct3ResTime" : 7.2099999999999795,
    "throughput" : 3.3719704952581666,
    "receivedKBytesPerSec" : 83.68348261327714,
    "sentKBytesPerSec" : 2.1736490713909378
  },
  "Total" : {
    "transaction" : "Total",
    "sampleCount" : 1261,
    "errorCount" : 1,
    "errorPct" : 0.07930214,
    "meanResTime" : 4.374306106264874,
    "medianResTime" : 4.0,
    "minResTime" : 1.0,
    "maxResTime" : 109.0,
    "pct1ResTime" : 6.0,
    "pct2ResTime" : 8.0,
    "pct3ResTime" : 19.0,
    "throughput" : 21.198977876403738,
    "receivedKBytesPerSec" : 119.90443661846042,
    "sentKBytesPerSec" : 11.387138374394794
  },
  "Registration-/" : {
    "transaction" : "Registration-/",
    "sampleCount" : 47,
    "errorCount" : 0,
    "errorPct" : 0.0,
    "meanResTime" : 5.170212765957446,
    "medianResTime" : 3.0,
    "minResTime" : 2.0,
    "maxResTime" : 75.0,
    "pct1ResTime" : 5.200000000000003,
    "pct2ResTime" : 9.399999999999977,
    "pct3ResTime" : 75.0,
    "throughput" : 0.8292312849556273,
    "receivedKBytesPerSec" : 3.9760992276680955,
    "sentKBytesPerSec" : 0.36278868716808693
  },
  "Login/todo-149" : {
    "transaction" : "Login/todo-149",
    "sampleCount" : 192,
    "errorCount" : 0,
    "errorPct" : 0.0,
    "meanResTime" : 5.557291666666666,
    "medianResTime" : 5.0,
    "minResTime" : 4.0,
    "maxResTime" : 16.0,
    "pct1ResTime" : 7.0,
    "pct2ResTime" : 8.0,
    "pct3ResTime" : 12.279999999999973,
    "throughput" : 3.3717336330429895,
    "receivedKBytesPerSec" : 0.5729313009272268,
    "sentKBytesPerSec" : 1.7915421839877774
  },
  "Registration-/register" : {
    "transaction" : "Registration-/register",
    "sampleCount" : 37,
    "errorCount" : 1,
    "errorPct" : 2.7027028,
    "meanResTime" : 20.135135135135133,
    "medianResTime" : 17.0,
    "minResTime" : 10.0,
    "maxResTime" : 109.0,
    "pct1ResTime" : 24.200000000000017,
    "pct2ResTime" : 60.40000000000008,
    "pct3ResTime" : 109.0,
    "throughput" : 0.8987344846850787,
    "receivedKBytesPerSec" : 0.17240293060312373,
    "sentKBytesPerSec" : 0.45112258313293985
  },
  "Login/login-147" : {
    "transaction" : "Login/login-147",
    "sampleCount" : 192,
    "errorCount" : 0,
    "errorPct" : 0.0,
    "meanResTime" : 5.671875000000001,
    "medianResTime" : 6.0,
    "minResTime" : 3.0,
    "maxResTime" : 13.0,
    "pct1ResTime" : 7.0,
    "pct2ResTime" : 8.0,
    "pct3ResTime" : 13.0,
    "throughput" : 3.3713784021071116,
    "receivedKBytesPerSec" : 1.0077713454784898,
    "sentKBytesPerSec" : 1.699475965759438
  }
}